{"left":-88.298,"right":35.498,"bottom":20.627166666666668,"top":52.312333333333335,"grid_size":512}